{
  "lang":"xx",
  "name":"pipeline",
  "version":"0.0.0",
  "spacy_version":">=3.8.2,<3.9.0",
  "description":"",
  "author":"",
  "email":"",
  "url":"",
  "license":"",
  "spacy_git_version":"63f1b53",
  "vectors":{
    "width":0,
    "vectors":0,
    "keys":0,
    "name":null,
    "mode":"default"
  },
  "labels":{
    "ner":[
      "Date",
      "Event",
      "Location",
      "Organization",
      "Person"
    ]
  },
  "pipeline":[
    "ner"
  ],
  "components":[
    "ner"
  ],
  "disabled":[

  ]
}